{"cameraMode":{"drawMode":0,"name":"Shaded","section":"Shading Mode"},"sceneLighting":false,"audioPlay":false,"sceneViewState":{"m_AlwaysRefresh":false,"showFog":true,"showSkybox":true,"showFlares":true,"showImageEffects":true,"showParticleSystems":true,"showVisualEffectGraphs":true,"m_FxEnabled":true},"in2DMode":false,"pivot":{"x":16.824275970458986,"y":-0.42627477645874026,"z":17.893714904785158},"rotation":{"x":0.3556465208530426,"y":-0.007004670798778534,"z":0.0027000680565834047,"w":0.9346354007720947},"size":37.00923538208008,"orthographic":true}