{"cameraMode":{"drawMode":0,"name":"Shaded","section":"Shading Mode"},"sceneLighting":false,"audioPlay":false,"sceneViewState":{"m_AlwaysRefresh":false,"showFog":true,"showSkybox":true,"showFlares":true,"showImageEffects":true,"showParticleSystems":true,"showVisualEffectGraphs":true,"m_FxEnabled":true},"in2DMode":false,"pivot":{"x":-51.411041259765628,"y":-20.49410057067871,"z":33.42451477050781},"rotation":{"x":0.31522801518440249,"y":0.005973916035145521,"z":-0.0019928147085011007,"w":0.9490090608596802},"size":55.96333312988281,"orthographic":true}