{"cameraMode":{"drawMode":0,"name":"Shaded","section":"Shading Mode"},"sceneLighting":false,"audioPlay":false,"sceneViewState":{"m_AlwaysRefresh":false,"showFog":true,"showSkybox":true,"showFlares":true,"showImageEffects":true,"showParticleSystems":true,"showVisualEffectGraphs":true,"m_FxEnabled":true},"in2DMode":false,"pivot":{"x":9.905922889709473,"y":19.827003479003908,"z":12.597332000732422},"rotation":{"x":0.4716166853904724,"y":0.001332474173977971,"z":-0.000675048737321049,"w":0.8818511366844177},"size":32.3341178894043,"orthographic":true}