{"cameraMode":{"drawMode":0,"name":"Shaded","section":"Shading Mode"},"sceneLighting":false,"audioPlay":false,"sceneViewState":{"m_AlwaysRefresh":false,"showFog":true,"showSkybox":true,"showFlares":true,"showImageEffects":true,"showParticleSystems":true,"showVisualEffectGraphs":true,"m_FxEnabled":true},"in2DMode":false,"pivot":{"x":2.190645694732666,"y":-1.428269386291504,"z":16.860210418701173},"rotation":{"x":0.43870535492897036,"y":0.013218973763287068,"z":-0.006429317407310009,"w":0.8985333442687988},"size":28.09446144104004,"orthographic":true}