{"cameraMode":{"drawMode":0,"name":"Shaded","section":"Shading Mode"},"sceneLighting":false,"audioPlay":false,"sceneViewState":{"m_AlwaysRefresh":false,"showFog":true,"showSkybox":true,"showFlares":true,"showImageEffects":true,"showParticleSystems":true,"showVisualEffectGraphs":true,"m_FxEnabled":true},"in2DMode":false,"pivot":{"x":1.0015134811401368,"y":21.290313720703126,"z":-29.957622528076173},"rotation":{"x":-0.29321765899658205,"y":-0.015584693290293217,"z":0.004429437220096588,"w":-0.9560002088546753},"size":33.91245651245117,"orthographic":true}