{"cameraMode":{"drawMode":0,"name":"Shaded","section":"Shading Mode"},"sceneLighting":false,"audioPlay":false,"sceneViewState":{"m_AlwaysRefresh":false,"showFog":true,"showSkybox":false,"showFlares":true,"showImageEffects":true,"showParticleSystems":true,"showVisualEffectGraphs":true,"m_FxEnabled":true},"in2DMode":false,"pivot":{"x":-0.9892792701721191,"y":-4.171323776245117,"z":-15.049896240234375},"rotation":{"x":0.09762866795063019,"y":-0.01821167953312397,"z":0.001788086723536253,"w":0.9950655698776245},"size":3.564772129058838,"orthographic":true}