{"cameraMode":{"drawMode":0,"name":"Shaded","section":"Shading Mode"},"sceneLighting":false,"audioPlay":false,"sceneViewState":{"m_AlwaysRefresh":false,"showFog":true,"showSkybox":false,"showFlares":true,"showImageEffects":true,"showParticleSystems":true,"showVisualEffectGraphs":true,"m_FxEnabled":true},"in2DMode":false,"pivot":{"x":-0.9897103309631348,"y":-8.358823776245118,"z":-15.050865173339844},"rotation":{"x":0.5548982620239258,"y":-0.011479731649160385,"z":0.007658161222934723,"w":0.8318118453025818},"size":46.81741714477539,"orthographic":true}